date,wti_nominal,cpi_index,wti_real
1/1/1986,18.95,109.9,57.58782575
2/1/1986,13.23,109.7,40.27841541
3/1/1986,10.25,109.1,31.37749542
4/1/1986,13.38,108.7,41.10983459
5/1/1986,14.3,109,43.81559358
6/1/1986,12.8,109.4,39.07615356
7/1/1986,11.23,109.5,34.25191023
8/1/1986,15.93,109.6,48.54275064
9/1/1986,14.7,110,44.63173909
10/1/1986,15.25,110.2,46.21760209
11/1/1986,15,110.4,45.37758152
12/1/1986,17.93,110.8,54.04551868
1/1/1987,18.73,111.4,56.15284264
2/1/1987,16.45,111.8,49.14091726
3/1/1987,18.82,112.2,56.02036346
4/1/1987,18.76,112.7,55.59401988
5/1/1987,19.36,113,57.21976496
6/1/1987,20.22,113.5,59.49828529
7/1/1987,21.43,113.8,62.89253049
8/1/1987,19.76,114.3,57.73775188
9/1/1987,19.62,114.7,57.1287531
10/1/1987,19.96,115,57.96713774
11/1/1987,18.52,115.4,53.59870953
12/1/1987,16.74,115.6,48.36339498
1/1/1988,16.97,116,48.8588244
2/1/1988,15.98,116.2,45.92929793
3/1/1988,17.09,116.5,48.99314258
4/1/1988,18.1,117.2,51.57866809
5/1/1988,17.54,117.5,49.85524817
6/1/1988,15.2,118,43.02102373
7/1/1988,16.37,118.5,46.1370146
8/1/1988,15.19,119,42.63143706
9/1/1988,13.33,119.5,37.25472862
10/1/1988,13.54,119.9,37.71539333
11/1/1988,15.42,120.3,42.8092783
12/1/1988,17.12,120.7,47.37133786
1/1/1989,17,121.2,46.84523927
2/1/1989,18.21,121.6,50.01445387
3/1/1989,20.27,122.2,55.3989716
4/1/1989,20.38,123.1,55.29238034
5/1/1989,19.93,123.7,53.80922773
6/1/1989,20.29,124.1,54.60462458
7/1/1989,18.33,124.5,49.17136602
8/1/1989,18.83,124.5,50.51264715
9/1/1989,20.15,124.8,53.92369271
10/1/1989,19.88,125.4,52.94659107
11/1/1989,19.87,125.9,52.70979134
12/1/1989,21.84,126.3,57.75218812
1/1/1990,22.69,127.5,59.43516478
2/1/1990,21.55,128,56.2284957
3/1/1990,20.34,128.6,52.82373919
4/1/1990,18.5,128.9,47.93337083
5/1/1990,17.47,129.1,45.19452463
6/1/1990,17.05,129.9,43.83635065
7/1/1990,20.57,130.5,52.64327992
8/1/1990,27.45,131.6,69.66355281
9/1/1990,39.53,132.5,99.63916883
10/1/1990,35.31,133.4,88.40178778
11/1/1990,29.08,133.7,72.64105699
12/1/1990,28.48,134.2,70.87721252
1/1/1991,21.9,134.7,54.29948107
2/1/1991,19.28,134.8,47.76791632
3/1/1991,19.63,134.8,48.63507248
4/1/1991,20.99,135.1,51.88911332
5/1/1991,21.16,135.6,52.11648702
6/1/1991,20.56,136,50.48976647
7/1/1991,21.7,136.2,53.21104479
8/1/1991,22.28,136.6,54.47329517
9/1/1991,22.25,137,54.24111496
10/1/1991,23.29,137.2,56.69366552
11/1/1991,21.48,137.8,52.06000668
12/1/1991,19.15,138.2,46.27856621
1/1/1992,18.93,138.3,45.71382842
2/1/1992,18.69,138.6,45.03656212
3/1/1992,19.49,139.1,46.79547599
4/1/1992,20.88,139.4,50.02497504
5/1/1992,22.13,139.7,52.90590744
6/1/1992,21.84,140.1,52.06353576
7/1/1992,21.83,140.5,51.89154142
8/1/1992,21.46,140.8,50.90333338
9/1/1992,21.83,141.1,51.67088285
10/1/1992,20.68,141.7,48.74160706
11/1/1992,19.91,142.1,46.79466495
12/1/1992,19.49,142.3,45.74315327
1/1/1993,20.27,142.8,47.40724321
2/1/1993,20.53,143.1,47.91466716
3/1/1993,20.44,143.3,47.6380374
4/1/1993,20.54,143.8,47.70464993
5/1/1993,20.04,144.2,46.41427989
6/1/1993,18.82,144.3,43.55845308
7/1/1993,17.94,144.5,41.46424401
8/1/1993,18.24,144.8,42.07028287
9/1/1993,18.72,145,43.11784055
10/1/1993,16.97,145.6,38.92598647
11/1/1993,15.36,146,35.13642082
12/1/1993,14.19,146.3,32.39345188
1/1/1994,15.24,146.3,34.79043035
2/1/1994,14.5,146.7,33.01087594
3/1/1994,14.78,147.1,33.5568295
4/1/1994,16.92,147.2,38.38943397
5/1/1994,18.3,147.5,41.43603864
6/1/1994,19.37,147.9,43.74018411
7/1/1994,20.3,148.4,45.6858066
8/1/1994,17.6,149,39.44986846
9/1/1994,18.36,149.3,41.07069283
10/1/1994,18.16,149.4,40.5961087
11/1/1994,18.06,149.8,40.26475794
12/1/1994,17.77,150.1,39.53901952
1/1/1995,18.48,150.5,41.00951442
2/1/1995,18.52,150.9,40.98933784
3/1/1995,19.18,151.2,42.36585463
4/1/1995,20.36,151.8,44.79454835
5/1/1995,18.88,152.1,41.4564334
6/1/1995,17.38,152.4,38.08763136
7/1/1995,17.62,152.6,38.56297497
8/1/1995,17.89,152.9,39.07707201
9/1/1995,17.54,153.1,38.26251901
10/1/1995,17.67,153.5,38.44566078
11/1/1995,18.27,153.7,39.69939057
12/1/1995,19.54,153.9,42.40383145
1/1/1996,17.76,154.7,38.34173911
2/1/1996,19.59,155,42.21063619
3/1/1996,21.43,155.5,46.02681653
4/1/1996,20.95,156.1,44.82293434
5/1/1996,19.77,156.4,42.21716643
6/1/1996,20.92,156.7,44.58736873
7/1/1996,20.46,157,43.52363274
8/1/1996,22.25,157.2,47.2712007
9/1/1996,24.2,157.7,51.2510577
10/1/1996,23.25,158.2,49.08351296
11/1/1996,23.7,158.7,49.87588091
12/1/1996,25.9,159.1,54.36867442
1/1/1997,24.15,159.4,50.5997042
2/1/1997,20.3,159.7,42.45318535
3/1/1997,20.35,159.8,42.53111796
4/1/1997,20.2,159.9,42.19121826
5/1/1997,21,159.9,43.8621576
6/1/1997,19.82,160.2,41.31999863
7/1/1997,20.19,160.4,42.03887787
8/1/1997,19.66,160.8,40.83350211
9/1/1997,21.13,161.2,43.77776842
10/1/1997,21.1,161.5,43.63440805
11/1/1997,19.13,161.7,39.51155393
12/1/1997,17.65,161.8,36.43219623
1/1/1998,17.21,162,35.48011475
2/1/1998,15.44,162,31.83108494
3/1/1998,15.75,162,32.47018056
4/1/1998,15.56,162.2,32.03892256
5/1/1998,15.21,162.6,31.24120904
6/1/1998,14.3,162.8,29.33599324
7/1/1998,14.27,163.2,29.2026981
8/1/1998,13.29,163.4,27.16389786
9/1/1998,16.19,163.5,33.0710704
10/1/1998,14.48,163.9,29.50589335
11/1/1998,11.37,164.1,23.14040969
12/1/1998,12.14,164.4,24.66243954
1/1/1999,12.81,164.7,25.97614444
2/1/1999,12.31,164.7,24.96224341
3/1/1999,16.66,164.8,33.76268289
4/1/1999,18.69,165.9,37.62548228
5/1/1999,16.85,166,33.90088042
6/1/1999,19.33,166,38.8904462
7/1/1999,20.52,166.7,41.11127223
8/1/1999,22.15,167.1,44.27070527
9/1/1999,24.54,167.8,48.842936
10/1/1999,21.79,168.1,43.29210238
11/1/1999,24.87,168.4,49.32338319
12/1/1999,25.76,168.8,50.96741137
1/1/2000,27.65,169.3,54.54530035
2/1/2000,30.57,170,60.05728253
3/1/2000,26.86,171,52.46009322
4/1/2000,25.71,170.9,50.24341773
5/1/2000,29.03,171.2,56.63206992
6/1/2000,32.44,172.2,62.91683368
7/1/2000,27.5,172.7,53.18136943
8/1/2000,33.09,172.7,63.99169143
9/1/2000,30.87,173.6,59.38900766
10/1/2000,32.7,173.9,62.80111156
11/1/2000,33.61,174.2,64.43762451
12/1/2000,26.72,174.6,51.11064651
1/1/2001,28.62,175.6,54.43325159
2/1/2001,27.35,176,51.89957756
3/1/2001,26.37,176.1,50.01150613
4/1/2001,28.48,176.4,53.92132608
5/1/2001,28.39,177.3,53.47808127
6/1/2001,26.37,177.7,49.56120557
7/1/2001,26.7,177.4,50.26628692
8/1/2001,26.65,177.4,50.1721553
9/1/2001,23.44,178.1,43.95546188
10/1/2001,21.2,177.6,39.86686261
11/1/2001,19.46,177.5,36.61538783
12/1/2001,19.96,177.4,37.57734408
1/1/2002,19.71,177.7,37.04404102
2/1/2002,21.78,178,40.86552034
3/1/2002,26.21,178.5,49.03971759
4/1/2002,27.32,179.3,50.88849013
5/1/2002,25.37,179.5,47.20360574
6/1/2002,26.79,179.6,49.81791431
7/1/2002,27.02,180,50.13395878
8/1/2002,28.97,180.5,53.60316693
9/1/2002,30.59,180.8,56.50673457
10/1/2002,27.18,181.2,50.09685
11/1/2002,26.87,181.5,49.44361284
12/1/2002,31.21,181.8,57.33489873
1/1/2003,33.51,182.6,61.29045066
2/1/2003,36.76,183.6,66.86856231
3/1/2003,31.14,183.9,56.5530509
4/1/2003,26.09,183.2,47.56283903
5/1/2003,29.56,182.9,53.97714183
6/1/2003,30.15,183.1,54.99435745
7/1/2003,30.56,183.7,55.56014284
8/1/2003,31.76,184.5,57.49145279
9/1/2003,29.19,185.1,52.66800113
10/1/2003,29.24,184.9,52.81528372
11/1/2003,30.33,185,54.75450308
12/1/2003,32.51,185.5,58.53184523
1/1/2004,33.16,186.3,59.44575223
2/1/2004,36.08,186.7,64.54184424
3/1/2004,35.75,187.1,63.81480091
4/1/2004,37.31,187.4,66.49283079
5/1/2004,39.9,188.2,70.80638735
6/1/2004,36.92,188.9,65.2753027
7/1/2004,43.72,189.1,77.21608609
8/1/2004,42.23,189.2,74.54510132
9/1/2004,49.56,189.8,87.20758293
10/1/2004,51.78,190.8,90.63643931
11/1/2004,49.16,191.7,85.64636223
12/1/2004,43.36,191.7,75.54162462
1/1/2005,48.25,191.6,84.1048369
2/1/2005,51.75,192.4,89.8306302
3/1/2005,55.31,193.1,95.66223972
4/1/2005,49.2,193.7,84.83101084
5/1/2005,52.08,193.6,89.84311116
6/1/2005,56.63,193.7,97.64187284
7/1/2005,60.71,194.9,104.0321452
8/1/2005,68.63,196.1,116.8841345
9/1/2005,66.21,198.8,111.2311348
10/1/2005,59.8,199.1,100.311121
11/1/2005,57.33,198.1,96.65328657
12/1/2005,61.06,198.1,102.9417352
1/1/2006,67.86,199.3,113.7170845
2/1/2006,61.37,199.4,102.7898256
3/1/2006,66.25,199.7,110.7967389
4/1/2006,71.8,200.7,119.48028
5/1/2006,71.42,201.3,118.4936919
6/1/2006,73.94,201.8,122.3707
7/1/2006,74.56,202.9,122.7278178
8/1/2006,70.38,203.8,115.3358293
9/1/2006,62.9,202.8,103.5861889
10/1/2006,58.72,201.9,97.13346647
11/1/2006,62.97,202,104.1121665
12/1/2006,60.85,203.1,100.0621475
1/1/2007,58.17,203.437,95.49668168
2/1/2007,61.78,204.226,101.0313213
3/1/2007,65.94,205.288,107.276486
4/1/2007,65.78,205.904,106.6960264
5/1/2007,64.02,206.755,103.4138743
6/1/2007,70.47,207.234,113.5696851
7/1/2007,78.2,207.603,125.8033737
8/1/2007,73.98,207.667,118.9778175
9/1/2007,81.64,208.547,130.7429287
10/1/2007,94.16,209.19,150.3296651
11/1/2007,88.6,210.834,140.3499407
12/1/2007,95.95,211.445,151.5537613
1/1/2008,91.67,212.174,144.2959784
2/1/2008,101.78,212.687,159.8235088
3/1/2008,101.54,213.448,158.8781701
4/1/2008,113.7,213.942,177.4939577
5/1/2008,127.35,215.208,197.6331068
6/1/2008,139.96,217.463,214.9501333
7/1/2008,124.17,219.016,189.3476843
8/1/2008,115.55,218.69,176.4656521
9/1/2008,100.7,218.877,153.655639
10/1/2008,68.1,216.995,104.8133363
11/1/2008,55.21,213.153,86.50584599
12/1/2008,44.6,211.398,70.46170446
1/1/2009,41.73,211.933,65.76108331
2/1/2009,44.15,212.705,69.3221732
3/1/2009,49.64,212.495,78.01933015
4/1/2009,50.35,212.709,79.05562365
5/1/2009,66.31,213.022,103.9617856
6/1/2009,69.82,214.79,108.5637776
7/1/2009,69.26,214.726,107.7251266
8/1/2009,69.97,215.445,108.4662472
9/1/2009,70.46,215.861,109.0153401
10/1/2009,77.04,216.509,118.8391344
11/1/2009,77.19,217.234,118.6731313
12/1/2009,79.39,217.347,121.9919889
1/1/2010,72.85,217.488,111.8699429
2/1/2010,79.72,217.281,122.536282
3/1/2010,83.45,217.353,128.2271123
4/1/2010,86.07,217.403,132.2225201
5/1/2010,74,217.29,113.7394542
6/1/2010,75.59,217.199,116.2319928
7/1/2010,78.85,217.605,121.0185618
8/1/2010,71.93,217.923,110.2366867
9/1/2010,79.95,218.275,122.3301846
10/1/2010,81.45,219.035,124.1928895
11/1/2010,84.12,219.59,127.9398583
12/1/2010,91.38,220.472,138.4257458
1/1/2011,90.99,221.187,137.3894
2/1/2011,97.1,221.898,146.1453501
3/1/2011,106.19,223.046,159.0041068
4/1/2011,113.39,224.093,168.9917972
5/1/2011,102.7,224.806,152.5744122
6/1/2011,95.3,224.806,141.5807349
7/1/2011,95.68,225.395,141.7738225
8/1/2011,88.81,226.106,131.1803976
9/1/2011,78.93,226.597,116.3341195
10/1/2011,93.19,226.75,137.2591092
11/1/2011,100.36,227.169,147.5471232
12/1/2011,98.83,227.223,145.2632197
1/1/2012,98.46,227.842,144.32621
2/1/2012,107.08,228.329,156.6269345
3/1/2012,103.03,228.807,150.3881279
4/1/2012,104.89,229.187,152.8492336
5/1/2012,86.52,228.713,126.3411484
6/1/2012,85.04,228.524,124.2826756
7/1/2012,88.08,228.59,128.6883517
8/1/2012,96.47,229.918,140.1323695
9/1/2012,92.18,231.015,133.2648712
10/1/2012,86.23,231.638,124.3276542
11/1/2012,88.54,231.249,127.8729883
12/1/2012,91.83,231.221,132.6405974
1/1/2013,97.65,231.679,140.7682585
2/1/2013,92.03,232.937,131.9502156
3/1/2013,97.24,232.282,139.8133216
4/1/2013,93.22,231.797,134.3137417
5/1/2013,91.93,231.893,132.4002427
6/1/2013,96.36,232.445,138.450887
7/1/2013,105.1,232.9,150.7135805
8/1/2013,107.98,233.456,154.4747294
9/1/2013,102.36,233.544,146.3796563
10/1/2013,96.29,233.669,137.6256068
11/1/2013,92.55,234.1,132.0365504
12/1/2013,98.17,234.719,139.6849783
1/1/2014,97.55,235.288,138.4671188
2/1/2014,102.88,235.547,145.8722018
3/1/2014,101.57,236.028,143.7212832
4/1/2014,100.07,236.468,141.3353119
5/1/2014,103.4,236.918,145.7611013
6/1/2014,106.07,237.231,149.3276702
7/1/2014,98.23,237.498,138.1348776
8/1/2014,97.86,237.46,137.6365912
9/1/2014,91.17,237.477,128.2181661
10/1/2014,80.53,237.43,113.2768768
11/1/2014,65.94,236.983,92.92892427
12/1/2014,53.45,236.252,75.55990023
1/1/2015,47.79,234.747,67.99173753
2/1/2015,49.84,235.342,70.72903842
3/1/2015,47.72,235.976,67.53855426
4/1/2015,59.62,236.222,84.29286002
5/1/2015,60.25,237.001,84.90358585
6/1/2015,59.48,237.657,83.58714837
7/1/2015,47.11,238.034,66.0987535
8/1/2015,49.2,238.033,69.03146539
9/1/2015,45.06,237.498,63.36513882
10/1/2015,46.6,237.733,65.46596981
11/1/2015,40.43,238.017,56.73027964
12/1/2015,37.13,237.761,52.15590559
1/1/2016,33.66,237.652,47.30333908
2/1/2016,32.74,237.336,46.07169776
3/1/2016,36.94,238.08,51.81949034
4/1/2016,45.98,238.992,64.25467974
5/1/2016,49.1,239.557,68.45288971
6/1/2016,48.27,240.222,67.10945013
7/1/2016,41.54,240.101,57.78188204
8/1/2016,44.68,240.545,62.03488628
9/1/2016,47.72,241.176,66.0823543
10/1/2016,46.83,241.741,64.69831998
11/1/2016,49.41,242.026,68.18235392
12/1/2016,53.75,242.637,73.98447578
1/1/2017,52.75,243.618,72.31564273
2/1/2017,54,244.006,73.91156775
3/1/2017,50.54,243.892,69.20808661
4/1/2017,49.31,244.193,67.44052651
5/1/2017,48.29,244.004,66.09664559
6/1/2017,46.02,244.163,62.94857771
7/1/2017,50.21,244.243,68.65738461
8/1/2017,47.26,245.183,64.37578274
9/1/2017,51.67,246.435,70.02534108
10/1/2017,54.36,246.626,73.61388678
11/1/2017,57.4,247.284,77.52379693
12/1/2017,60.46,247.805,81.48491895
1/1/2018,64.82,248.859,86.99110251
2/1/2018,61.43,249.529,82.22022278
3/1/2018,64.87,249.577,86.80774963
4/1/2018,68.56,250.227,91.50731232
5/1/2018,66.98,250.792,89.19707734
6/1/2018,74.13,251.018,98.6298324
7/1/2018,69.88,251.214,92.90267469
8/1/2018,69.84,251.663,92.68384053
9/1/2018,73.16,252.182,96.889959
10/1/2018,65.31,252.772,86.29186971
11/1/2018,50.78,252.594,67.14115783
12/1/2018,45.15,252.767,59.65633113
1/1/2019,53.84,252.561,71.19638171
2/1/2019,57.21,253.319,75.42639356
3/1/2019,60.19,254.277,79.05628905
4/1/2019,63.83,255.233,83.52321044
5/1/2019,53.49,255.296,69.97577992
6/1/2019,58.2,255.213,76.16217748
7/1/2019,58.53,255.802,76.41766237
8/1/2019,55.07,256.036,71.83452143
9/1/2019,54.09,256.43,70.44777955
10/1/2019,54.02,257.155,70.15825312
11/1/2019,58.12,257.879,75.27119106
12/1/2019,61.14,258.63,78.95246514
1/1/2020,51.58,259.127,66.47951321
2/1/2020,44.83,259.25,57.75227992
3/1/2020,20.51,258.076,26.54221737
4/1/2020,19.23,256.032,25.08442761
5/1/2020,35.57,255.802,46.44073553
6/1/2020,39.27,257.042,51.02417243
7/1/2020,40.1,258.352,51.83841387
8/1/2020,42.61,259.316,54.87839235
9/1/2020,40.05,259.997,51.44620496
10/1/2020,35.64,260.319,45.72471299
11/1/2020,45.2,260.911,57.85823825
12/1/2020,48.35,262.045,61.62256349
1/1/2021,52.16,262.687,66.31597544
2/1/2021,61.55,263.579,77.98954943
3/1/2021,59.19,264.961,74.60802537
4/1/2021,63.5,266.614,79.54445941
5/1/2021,66.31,268.383,82.51695335
6/1/2021,73.52,270.654,90.72149711
7/1/2021,73.93,271.903,90.80836721
8/1/2021,68.43,272.676,83.814428
9/1/2021,75.22,273.91,91.71589347
10/1/2021,83.5,276.55,100.8397993
11/1/2021,66.14,278.919,79.19636547
12/1/2021,75.33,280.845,89.58193334
1/1/2022,89.16,282.543,105.3912772
2/1/2022,96.13,284.5,112.8485106
3/1/2022,100.53,287.674,116.7116558
4/1/2022,104.59,288.561,121.0519218
5/1/2022,114.38,291.298,131.1389643
6/1/2022,107.76,294.957,122.0163517
7/1/2022,101.31,294.913,114.7301492
8/1/2022,90.09,295.097,101.9602643
9/1/2022,79.91,296.349,90.05686501
10/1/2022,86.54,298.007,96.98611999
11/1/2022,80.48,298.786,89.95946905
12/1/2022,80.16,298.832,89.58798469
1/1/2023,78.95,300.42,87.7692632
2/1/2023,76.88,301.45,85.17600106
3/1/2023,75.68,301.821,83.74344635
4/1/2023,76.78,302.845,84.67337291
5/1/2023,68.11,303.334,74.99096603
6/1/2023,70.66,304.014,77.62457038
7/1/2023,81.8,304.609,89.68704864
8/1/2023,83.55,306.082,91.1649344
9/1/2023,90.77,307.276,98.65812439
10/1/2023,81.64,307.696,88.61358471
11/1/2023,75.66,308.148,82.00232077
12/1/2023,71.89,308.741,77.76664036
1/1/2024,76.28,309.698,82.2605187
2/1/2024,79.22,310.967,85.0823926
3/1/2024,83.96,312.345,89.77533445
4/1/2024,83.49,313.023,89.07941816
5/1/2024,77.97,313.175,83.14949351
6/1/2024,82.83,313.044,88.36930454
7/1/2024,79.36,313.569,84.52549021
8/1/2024,74.52,314.062,79.24586572
9/1/2024,68.75,314.732,72.95431113
10/1/2024,69.58,315.631,73.62476696
11/1/2024,68.26,316.528,72.02334877
12/1/2024,72.44,317.604,76.17485535
1/1/2025,72.84,318.961,76.26960776
2/1/2025,69.97,319.679,73.09992408
3/1/2025,71.87,319.785,75.06002699
4/1/2025,59.55,320.302,62.09280445
5/1/2025,61.46,320.62,64.02080138
6/1/2025,66.3,321.435,68.88735732
7/1/2025,70.36,322.169,72.93924133
8/1/2025,64.36,323.291,66.48774151
9/1/2025,63.17,324.245,65.06639557
11/1/2025,58.58,325.063,60.18676324
12/1/2025,57.26,326.031,58.65588714
1/1/2026,64.5,326.588,65.95969693
2/1/2026,66.96,327.46,68.29302461
3/1/2026,102.86,330.293,104.0078958
4/1/2026,108.64,332.407,109.153774
5/1/2026,91.16,333.979,91.16
